,SPY
2019-12-02,100.63943415950887
2019-12-03,98.57635775001819
2019-12-04,100.08546556837811
2019-12-05,101.99822835879272
2019-12-06,98.04878517313327
2019-12-09,95.52465743418121
2019-12-10,95.79755304578751
2019-12-11,95.22038698139382
2019-12-12,95.21695684310235
2019-12-13,93.6210369934144
2019-12-16,95.29572631124375
2019-12-17,96.80671997725172
2019-12-18,96.96360629821912
2019-12-19,99.17872283202014
2019-12-20,100.13581603840167
2019-12-23,98.44493774348398
2019-12-24,99.20050418444428
2019-12-25,97.32783158658106
2019-12-26,99.06698319571335
2019-12-27,98.99778310297795
2019-12-30,98.6614631545057
2019-12-31,97.34743149033156
2020-01-01,99.75686090399203
2020-01-02,99.47848044129715
2020-01-03,98.65613596783923
2020-01-06,97.99093009991348
2020-01-07,99.06355682280545
2020-01-08,99.81731966656606
2020-01-09,100.6712221230359
2020-01-10,101.56884902745433
2020-01-13,105.949813319019
2020-01-14,105.1204063606948
2020-01-15,104.07499920589677
2020-01-16,102.41235378473499
2020-01-17,103.70475554184877
2020-01-20,106.07746288111414
2020-01-21,105.86754097578283
2020-01-22,104.12039523305758
2020-01-23,102.43472515082743
2020-01-24,103.79832143649135
2020-01-27,105.37243164035405
2020-01-28,106.54871308998928
2020-01-29,105.16249364670615
2020-01-30,105.68233566804048
2020-01-31,105.96067294572704
2020-02-03,106.45590896511001
2020-02-04,108.34322059089614
2020-02-05,108.86022479435415
2020-02-06,110.37101652363131
2020-02-07,110.55330324049257
2020-02-10,111.22573132258637
2020-02-11,112.66340893386774
2020-02-12,109.41384511629262
2020-02-13,108.74714013073441
2020-02-14,107.75673065377273
2020-02-17,106.41218990869248
2020-02-18,105.85854377587629
2020-02-19,109.0553475437625
2020-02-20,107.199593883303
2020-02-21,109.30773468903196
2020-02-24,105.66151335919922
2020-02-25,104.98552263181422
2020-02-26,105.35875260060332
2020-02-27,106.62563329795611
2020-02-28,108.17432067772054
2020-03-02,109.92316893850986
2020-03-03,109.18948658859424
2020-03-04,108.21256433728361
2020-03-05,110.10190351159235
2020-03-06,109.7136746762565
2020-03-09,106.94738409330644
2020-03-10,104.55542624925316
2020-03-11,102.66411836355296
2020-03-12,103.71572898852699
2020-03-13,104.04227948808926
2020-03-16,105.51028557574271
2020-03-17,104.64034768685624
2020-03-18,105.00353275909097
2020-03-19,106.34881784745313
2020-03-20,105.72274971671843
2020-03-23,106.72029722397498
2020-03-24,105.33949464972432
2020-03-25,104.60621832356318
2020-03-26,103.83895703942092
2020-03-27,101.38661389484562
2020-03-30,102.40447969675056
2020-03-31,101.47382299232164
2020-04-01,101.5296216590637
2020-04-02,102.53628107341292
2020-04-03,103.4827548812039
2020-04-06,104.89091739033694
2020-04-07,104.71578000915753
2020-04-08,103.860674484715
2020-04-09,103.72624094399134
2020-04-10,100.25694165527807
2020-04-13,97.38535732344774
2020-04-14,94.83834144303039
2020-04-15,92.97524824268233
2020-04-16,93.74652297656789
2020-04-17,92.07693667209861
2020-04-20,91.40815876229935
2020-04-21,93.81078254017807
2020-04-22,93.17049773661724
2020-04-23,94.57274273798986
2020-04-24,92.83521886746699
2020-04-27,92.48163262016244
2020-04-28,90.75218529668265
2020-04-29,90.164051101755
2020-04-30,91.70641203402413
2020-05-01,88.56579678875308
2020-05-04,89.36186805047994
2020-05-05,89.81356656142545
2020-05-06,88.77325609952503
2020-05-07,86.23246279150777
2020-05-08,86.38273063214734
2020-05-11,85.4938649301621
2020-05-12,85.91736086136157
2020-05-13,85.98068564307064
2020-05-14,88.76092079525095
2020-05-15,88.36264055364892
2020-05-18,86.58037052485288
2020-05-19,86.91677965402226
2020-05-20,87.32528275402626
2020-05-21,89.7253091253251
2020-05-22,91.2508390119371
2020-05-25,91.92950993497011
2020-05-26,94.64750314147538
2020-05-27,92.425628294048
2020-05-28,91.27076723520669
2020-05-29,89.60676252390193
2020-06-01,88.93505266344175
2020-06-02,86.51302007856177
2020-06-03,87.63795051687879
2020-06-04,87.27473906739245
2020-06-05,84.73363677768471
2020-06-08,83.03798268899692
2020-06-09,83.58356523255021
2020-06-10,85.00971243533465
2020-06-11,88.43004572733462
2020-06-12,93.61003456329667
2020-06-15,94.4139752011121
2020-06-16,92.57377484316757
2020-06-17,88.65411552866786
2020-06-18,89.15538622154602
2020-06-19,87.73257129085731
2020-06-22,87.03008385344678
2020-06-23,85.99077616363078
2020-06-24,85.77443904448567
2020-06-25,87.62884850276545
2020-06-26,87.93037685980117
2020-06-29,87.67777955278102
2020-06-30,85.88800645798142
2020-07-01,83.03706926852203
2020-07-02,82.25434871867154
2020-07-03,82.19054804948735
2020-07-06,85.12134778410645
2020-07-07,85.36866704543571
2020-07-08,87.07218088772777
2020-07-09,86.22880740854514
2020-07-10,84.21115029428111
2020-07-13,82.61094178505179
2020-07-14,81.43749290362
2020-07-15,84.92866892610627
2020-07-16,83.55896197998086
2020-07-17,84.98529541848745
2020-07-20,83.47608034769085
2020-07-21,85.05640444524377
2020-07-22,85.7367722678711
2020-07-23,85.49390074435085
2020-07-24,85.44984996730392
2020-07-27,84.35645471559656
2020-07-28,85.13434304129542
2020-07-29,84.38518895033873
2020-07-30,82.34204502794137
2020-07-31,80.26218777569926
2020-08-03,80.56331210923258
2020-08-04,83.13181753764842
2020-08-05,83.42276495545254
2020-08-06,83.24984904106371
2020-08-07,83.75072365525405
2020-08-10,85.96342069161001
2020-08-11,86.36638712295989
2020-08-12,85.68249103314572
2020-08-13,87.6039872300512
2020-08-14,88.3814838974161
2020-08-17,91.12264621212441
2020-08-18,91.48391914192504
2020-08-19,89.27097979987343
2020-08-20,86.85502284903598
2020-08-21,89.74890702141182
2020-08-24,92.86977398372974
2020-08-25,92.56419674065903
2020-08-26,91.88257746803806
2020-08-27,94.59576760922181
2020-08-28,92.529709618077
2020-08-31,90.90169190593383
2020-09-01,92.09855229521871
2020-09-02,91.39933065003439
2020-09-03,91.41738774543154
2020-09-04,91.1459825051821
2020-09-07,91.78869757831411
2020-09-08,94.40005272588937
2020-09-09,94.59939714146101
2020-09-10,95.84610139340326
2020-09-11,91.94483516243436
2020-09-14,91.88283050428625
2020-09-15,90.36082767340946
2020-09-16,88.18527678333066
2020-09-17,86.6629301756547
2020-09-18,86.10980672647732
2020-09-21,87.71300348654657
2020-09-22,85.41247960608013
2020-09-23,85.49042958469245
2020-09-24,84.68823965661856
2020-09-25,84.15864497762853
2020-09-28,85.8717073674888
2020-09-29,86.82164670642562
2020-09-30,89.16999532024228
2020-10-01,88.92120090492506
2020-10-02,87.71019620938316
2020-10-05,87.3438152532102
2020-10-06,87.79363029651194
2020-10-07,88.13000870864687
2020-10-08,86.24510510626988
2020-10-09,86.42706465235254
2020-10-12,86.84749486463652
2020-10-13,91.24627538402757
2020-10-14,94.69875087172348
2020-10-15,93.11113890723452
2020-10-16,92.60390040697001
2020-10-19,89.9212728293023
2020-10-20,88.88590667985522
2020-10-21,89.47362918979572
2020-10-22,91.65831327320318
2020-10-23,90.34927887113848
2020-10-26,89.19435047207487
2020-10-27,85.39058777154946
2020-10-28,85.13840217656633
2020-10-29,83.3548983877177
2020-10-30,82.49727746382301
2020-11-02,81.07525410878944
2020-11-03,80.94672947424269
2020-11-04,78.12536620139814
2020-11-05,75.85653487065474
2020-11-06,79.10963798715224
2020-11-09,77.0964201917269
2020-11-10,75.42838428144913
2020-11-11,78.22212118685381
2020-11-12,82.79039814657533
2020-11-13,80.87534591290549
2020-11-16,80.30396328143338
2020-11-17,80.87661975884373
2020-11-18,83.69710718606338
2020-11-19,82.07027466480852
2020-11-20,81.69229534349473
2020-11-23,82.98685284900242
2020-11-24,83.73334626976711
2020-11-25,83.12853014237234
2020-11-26,82.93097857462479
2020-11-27,80.67542877167173
2020-11-30,80.31533602195702
2020-12-01,79.91153060732132
2020-12-02,80.30656509132285
2020-12-03,79.4387286319488
2020-12-04,80.21172866517786
2020-12-07,81.86042591165538
2020-12-08,82.13945425867092
2020-12-09,82.74195768330654
2020-12-10,82.85474382101012
2020-12-11,82.87974009151581
2020-12-14,81.70855316792375
2020-12-15,82.25027149801964
2020-12-16,82.11490959681649
2020-12-17,85.57715059887066
2020-12-18,88.29568833274223
2020-12-21,89.00354877821789
2020-12-22,87.67195385117857
2020-12-23,85.74770969262889
2020-12-24,87.81618960841438
2020-12-25,88.3040071807966
2020-12-28,89.17847011376894
2020-12-29,86.0936334687975
2020-12-30,87.71639253276071
2020-12-31,88.53990970575416
2021-01-01,86.60012302801475
2021-01-04,85.80942093820462
2021-01-05,86.28775217643158
2021-01-06,86.4041833439656
2021-01-07,85.92520834484891
2021-01-08,85.77314088745605
2021-01-11,85.36661500649447
2021-01-12,85.65269989569792
2021-01-13,88.19914091290086
2021-01-14,83.69805926503501
2021-01-15,83.32669053329711
2021-01-18,83.64585245867679
2021-01-19,84.16611960621483
2021-01-20,83.56531729940104
2021-01-21,80.65436663139903
2021-01-22,81.20764830132686
2021-01-25,84.03749156951861
2021-01-26,81.48466551930046
2021-01-27,82.91688565420422
2021-01-28,82.39695495269642
2021-01-29,82.32061525196697
2021-02-01,80.61180637256197
2021-02-02,80.09676759035254
2021-02-03,82.20338401580358
2021-02-04,83.18596968312704
2021-02-05,86.0930058878192
2021-02-08,88.14617236338844
2021-02-09,88.94669241676534
2021-02-10,92.07572058237086
2021-02-11,92.91175552697678
2021-02-12,94.47822575487078
2021-02-15,93.94617927258943
2021-02-16,94.0993976293022
2021-02-17,92.81508421529338
2021-02-18,94.67989506510841
2021-02-19,92.47706576580089
2021-02-22,93.95179816688372
2021-02-23,93.62174351283323
2021-02-24,95.84291393538206
2021-02-25,97.31097624683701
2021-02-26,100.88354663972432
2021-03-01,102.38827455644855
2021-03-02,99.19982125262321
2021-03-03,99.09674634332305
2021-03-04,96.80363337768367
2021-03-05,95.82924703074761
2021-03-08,98.75439346190413
2021-03-09,100.04320507607586
2021-03-10,98.67475323359443
2021-03-11,96.7037894399222
2021-03-12,96.7962036288923
2021-03-15,94.47007441105514
2021-03-16,93.23036199446022
2021-03-17,93.84010622262701
2021-03-18,96.03655033826443
2021-03-19,97.23462833879148
2021-03-22,92.80794505159096
2021-03-23,93.40074044837388
2021-03-24,93.5633204520497
2021-03-25,94.36588843623163
2021-03-26,97.44449945292759
2021-03-29,93.4527083800563
2021-03-30,92.37593987223357
2021-03-31,93.49536319308488
2021-04-01,90.5659769460209
2021-04-02,93.26656208829502
2021-04-05,93.98164915470312
2021-04-06,95.60111083220004
2021-04-07,94.53813420016795
2021-04-08,96.10512965901297
2021-04-09,98.18767314641656
2021-04-12,98.67444446684475
2021-04-13,99.16663435757633
2021-04-14,99.73256493110146
2021-04-15,98.0404119471092
2021-04-16,97.78054861899778
2021-04-19,97.51160804558448
2021-04-20,98.28856857255656
2021-04-21,100.28348102418727
2021-04-22,98.19049240668454
2021-04-23,97.97445558955931
2021-04-26,100.90674394147658
2021-04-27,99.43635462460531
2021-04-28,97.83095464480535
2021-04-29,98.2561400887468
2021-04-30,99.9449375220772
2021-05-03,99.99776053151649
2021-05-04,102.68562151724277
2021-05-05,104.47603565593948
2021-05-06,106.2663789331221
2021-05-07,107.47593792885807
2021-05-10,112.51151471289094
2021-05-11,112.08360711979735
2021-05-12,107.6259920931385
2021-05-13,111.11146923532698
2021-05-14,110.12768955126184
2021-05-17,110.39834033979245
2021-05-18,113.32290428588321
2021-05-19,109.72544706491769
2021-05-20,107.01161369633007
2021-05-21,103.6166104598906
2021-05-24,102.00198123071603
2021-05-25,102.92945792179084
2021-05-26,104.0394241693656
2021-05-27,104.64550412722053
2021-05-28,101.72010581578562
2021-05-31,97.0509425271367
2021-06-01,97.18555914373216
2021-06-02,96.2977184590802
2021-06-03,97.2113638087954
2021-06-04,98.60528460464802
2021-06-07,98.90749290507543
2021-06-08,100.44082230792147
2021-06-09,100.93139813258276
2021-06-10,102.03168098876436
2021-06-11,100.62431054189196
2021-06-14,100.29303234140963
2021-06-15,100.7178256796327
2021-06-16,102.40087790638192
2021-06-17,101.62520933568015
2021-06-18,102.7149715277344
2021-06-21,102.19967354034164
2021-06-22,101.99007801984055
2021-06-23,103.71272927954607
2021-06-24,99.6097284843113
2021-06-25,97.05678627111759
2021-06-28,94.20878028032334
2021-06-29,89.84010034853924
2021-06-30,88.64834547131608
2021-07-01,90.00366147997708
2021-07-02,89.51785039698635
2021-07-05,89.898820611411
2021-07-06,91.8841776244667
2021-07-07,94.35160984589055
2021-07-08,94.24944981998769
2021-07-09,96.82921916245397
2021-07-12,97.03667897620711
2021-07-13,95.44062312748414
2021-07-14,94.33465651440153
2021-07-15,91.56963884395883
2021-07-16,89.97058781098232
2021-07-19,89.35335954988167
2021-07-20,90.81622598105533
2021-07-21,93.96894728582069
2021-07-22,91.39949513084842
2021-07-23,92.14499962483738
2021-07-26,90.25502470705888
2021-07-27,91.1389771634233
2021-07-28,90.92737679130317
2021-07-29,87.62506572641595
2021-07-30,89.27819494413033
2021-08-02,88.22471097102405
2021-08-03,87.30911449995801
2021-08-04,85.46732451903004
2021-08-05,84.37456789366516
2021-08-06,85.12194168482253
2021-08-09,84.82530135226055
2021-08-10,85.40832601039922
2021-08-11,86.0521713020152
2021-08-12,88.35090301367605
2021-08-13,87.77169896519116
2021-08-16,85.20550408058925
2021-08-17,87.04973021121585
2021-08-18,86.4987260112937
2021-08-19,88.45289215865222
2021-08-20,89.1576443152683
2021-08-23,88.95055334307783
2021-08-24,89.59771468444364
2021-08-25,93.12071933300821
2021-08-26,97.01685396693085
2021-08-27,97.18058181222567
2021-08-30,97.52108428795732
2021-08-31,99.649462755451
2021-09-01,97.99396424250791
2021-09-02,98.67614015547251
2021-09-03,98.65470207732886
2021-09-06,99.30366890957151
2021-09-07,97.67832841053308
2021-09-08,94.60230599621342
2021-09-09,90.70850642127769
2021-09-10,88.70859409344104
2021-09-13,87.92143787822154
2021-09-14,87.43225779214589
2021-09-15,90.84601735741386
2021-09-16,92.88277302021673
2021-09-17,91.12340403644427
2021-09-20,91.78442861364672
2021-09-21,91.0646950757415
2021-09-22,90.57410436023045
2021-09-23,90.93699068575404
2021-09-24,92.09038294490534
2021-09-27,91.49316118582507
2021-09-28,93.46731192942586
2021-09-29,91.36067419526495
2021-09-30,91.39966521774718
2021-10-01,96.17561529642845
2021-10-04,96.63356461116047
2021-10-05,99.43248721305942
2021-10-06,99.64431853814223
2021-10-07,100.83163459143765
2021-10-08,100.7473732356563
2021-10-11,100.4342351239923
2021-10-12,98.89863102837482
2021-10-13,99.77942492429435
2021-10-14,98.11004093099952
2021-10-15,99.4454858388344
2021-10-18,101.63385735322
2021-10-19,102.40938752559845
2021-10-20,101.85381919218781
2021-10-21,102.80913789863317
2021-10-22,102.20529242533749
2021-10-25,104.14831136378208
2021-10-26,100.36479883534399
2021-10-27,99.72124495521685
2021-10-28,95.78063631619253
2021-10-29,92.94541295407585
2021-11-01,95.50859134121247
2021-11-02,97.24720105097332
2021-11-03,95.87702643331967
2021-11-04,93.02467826982992
2021-11-05,87.53709884607382
2021-11-08,86.6118395757217
2021-11-09,90.83055506254323
2021-11-10,91.64781982436226
2021-11-11,90.64964256929817
2021-11-12,91.5200245572141
2021-11-15,88.69030162860446
2021-11-16,88.18951474471535
2021-11-17,88.39142900060455
2021-11-18,88.26573523625781
2021-11-19,89.68823663203486
2021-11-22,90.33335555511967
2021-11-23,91.56789819819593
2021-11-24,90.33471250642008
2021-11-25,91.98389085622402
2021-11-26,95.00820519151921
2021-11-29,93.19326436048676
2021-11-30,91.56667722150166
2021-12-01,94.04041388789555
2021-12-02,93.70874465798666
2021-12-03,96.36786408887575
2021-12-06,95.5438500213404
2021-12-07,98.35292630261527
2021-12-08,98.64107247750817
2021-12-09,99.18010416079454
2021-12-10,102.31363611947263
2021-12-13,101.60404915054866
2021-12-14,99.72209405147329
2021-12-15,98.85737543686616
2021-12-16,99.78136359312862
2021-12-17,96.68662649659689
2021-12-20,97.94833070588741
2021-12-21,96.92228018124179
2021-12-22,99.17632927128007
2021-12-23,94.45700320286215
2021-12-24,92.9994073850575
2021-12-27,89.89049643450213
2021-12-28,88.43206004542708
2021-12-29,88.89662178020212
2021-12-30,88.60463793602521
2021-12-31,88.18221077225104
2022-01-03,87.92791995788691
2022-01-04,88.3119684327064
2022-01-05,86.55714596124969
2022-01-06,87.80677085583719
2022-01-07,88.99684406740592
2022-01-10,89.70888634657847
2022-01-11,90.73431891975929
2022-01-12,91.29944492381384
2022-01-13,95.04285601566336
2022-01-14,94.90581529728512
2022-01-17,94.35140737787115
2022-01-18,92.95778504598931
2022-01-19,91.06653535265164
2022-01-20,88.82726063243841
2022-01-21,87.27492019879267
2022-01-24,87.17773018148621
2022-01-25,87.78674531080385
2022-01-26,87.90287323177287
2022-01-27,86.58338908481532
2022-01-28,88.16818470863448
2022-01-31,89.49848862539378
2022-02-01,89.23957252746393
2022-02-02,88.101025246299
2022-02-03,89.09379679584892
2022-02-04,89.45547054701713
2022-02-07,86.89144908012254
2022-02-08,86.79937845582013
2022-02-09,87.28030918178132
2022-02-10,85.7359804918581
2022-02-11,86.08722947450204
2022-02-14,83.60822290068333
2022-02-15,85.86762827328577
2022-02-16,88.03655867018249
2022-02-17,87.61835449545151
2022-02-18,88.28154542211402
2022-02-21,84.05299717599041
2022-02-22,82.1343233426883
2022-02-23,81.6763769833103
2022-02-24,79.94952107971899
2022-02-25,81.11581906899005
2022-02-28,84.38040069501625
2022-03-01,82.42005038544278
2022-03-02,81.06430088134509
2022-03-03,81.47034931902346
2022-03-04,84.11995433205483
2022-03-07,82.08866889140378
2022-03-08,82.52215636779228
2022-03-09,85.55286318588821
2022-03-10,82.75227455643957
2022-03-11,80.65687242419237
2022-03-14,79.9977338056125
2022-03-15,79.1888152602763
2022-03-16,80.49955056997811
2022-03-17,80.91277041187799
2022-03-18,78.0647022905692
2022-03-21,78.89282889445465
2022-03-22,78.00522321072214
2022-03-23,80.01689557024105
2022-03-24,79.03654851162698
2022-03-25,78.05394198205741
2022-03-28,78.9221072717399
2022-03-29,80.15001921751036
2022-03-30,80.89236767589243
2022-03-31,78.1895962271674
2022-04-01,79.05442701832155
2022-04-04,77.44281073871592
2022-04-05,77.83045244955895
2022-04-06,75.63760367979128
2022-04-07,76.33546971508274
2022-04-08,75.12692823135777
2022-04-11,73.22225828348368
2022-04-12,74.28957540899805
2022-04-13,74.67089565992627
2022-04-14,73.77637297513576
2022-04-15,75.93976012740842
2022-04-18,75.29328127157527
2022-04-19,75.36421909850213
2022-04-20,75.79215740401935
2022-04-21,74.87557869089288
2022-04-22,75.6035734167122
2022-04-25,74.81963641487349
2022-04-26,74.22610971374505
2022-04-27,76.27125078831257
2022-04-28,74.70679616798914
2022-04-29,71.12418643922189
2022-05-02,73.43705535865496
2022-05-03,77.2033892349219
2022-05-04,76.60078703478365
2022-05-05,73.65650090548581
2022-05-06,73.22121459028115
2022-05-09,72.82402911403929
2022-05-10,72.5692559362124
2022-05-11,70.97507187758238
2022-05-12,71.81905227404009
2022-05-13,72.59399044179811
2022-05-16,70.44607129330402
2022-05-17,71.45231837087246
2022-05-18,74.40713608328585
2022-05-19,74.68535974124227
2022-05-20,74.20390032758746
2022-05-23,74.01541765032388
2022-05-24,74.94839200700629
2022-05-25,72.3766554461094
2022-05-26,72.63632942810186
2022-05-27,72.09088296567072
2022-05-30,74.7767369655615
2022-05-31,74.53868861260504
2022-06-01,77.04749332491002
2022-06-02,75.36979849201167
2022-06-03,76.27764153284954
2022-06-06,76.78778680184868
2022-06-07,75.47617884209376
2022-06-08,75.76660531323098
2022-06-09,77.6267040177265
2022-06-10,77.1472943730908
2022-06-13,74.55983175012724
2022-06-14,74.55601007190799
2022-06-15,73.23275556804009
2022-06-16,72.7533139890684
2022-06-17,72.65642437075374
2022-06-20,70.19968947335016
2022-06-21,67.95237510588538
2022-06-22,68.6279125470919
2022-06-23,67.93103906150677
2022-06-24,64.4669034118854
2022-06-27,65.49817277693718
2022-06-28,65.87461665457354
2022-06-29,64.95385443211482
2022-06-30,63.26267663162669
2022-07-01,64.33916432803005
2022-07-04,64.80800461958876
2022-07-05,67.91568101583127
2022-07-06,68.50680361688586
2022-07-07,69.05856171717267
2022-07-08,68.84872323041337
2022-07-11,69.99405735982626
2022-07-12,70.89010056565303
2022-07-13,72.68606583057732
2022-07-14,71.95001341066532
2022-07-15,71.34504694434008
2022-07-18,70.68281769402545
2022-07-19,71.82194441713797
2022-07-20,73.99581431580415
2022-07-21,73.33896754146593
2022-07-22,72.73791989902668
2022-07-25,73.21664775403539
2022-07-26,72.87873608480264
2022-07-27,74.28828904414317
2022-07-28,70.96496188628552
2022-07-29,69.81290953193826
2022-08-01,68.7413981900146
2022-08-02,65.57193027767102
2022-08-03,64.32784919901363
2022-08-04,63.16974706149949
2022-08-05,62.934623382441046
2022-08-08,64.3543855540386
2022-08-09,64.05827731708781
2022-08-10,62.75685177717517
2022-08-11,62.70419307868883
2022-08-12,64.03875604325094
2022-08-15,62.80798389939507
2022-08-16,61.68299884159425
2022-08-17,62.39056323740445
2022-08-18,62.13284514561824
2022-08-19,62.956086319602136
2022-08-22,62.95779017345301
2022-08-23,63.860181365080294
2022-08-24,62.55733389769661
2022-08-25,62.56098142717794
2022-08-26,62.31613024009679
2022-08-29,60.81943273548433
2022-08-30,58.93588172762871
2022-08-31,59.761866972902666
2022-09-01,59.36032414139585
2022-09-02,58.164474460999415
2022-09-05,58.07003985693046
2022-09-06,59.3975428690004
2022-09-07,56.70595765299249
2022-09-08,55.025602836858624
2022-09-09,54.02646286140467
2022-09-12,55.621517315797796
2022-09-13,55.95256210626584
2022-09-14,56.82801518594002
2022-09-15,55.549201949965386
2022-09-16,54.322080222037705
2022-09-19,54.82490029899112
2022-09-20,54.90524545675134
2022-09-21,55.52428982121601
2022-09-22,55.33254113833546
2022-09-23,55.65694888440537
2022-09-26,55.84965448559493
2022-09-27,56.73517018095174
2022-09-28,57.66790577627717
2022-09-29,55.816913637165754
2022-09-30,53.324946813797325
2022-10-03,54.40930469885612
2022-10-04,55.718093420221095
2022-10-05,54.59746547328571
2022-10-06,52.58299872503031
2022-10-07,52.70292458198293
2022-10-10,53.6998933961851
2022-10-11,55.64661604868974
2022-10-12,56.23791428873635
2022-10-13,55.8366942285774
2022-10-14,54.85605600837371
2022-10-17,54.8850762791213
2022-10-18,54.573038479997216
2022-10-19,53.48150359395824
2022-10-20,55.688958699132165
2022-10-21,57.69394877502172
2022-10-24,59.022119650753794
2022-10-25,57.95281543945032
2022-10-26,58.96121682604543
2022-10-27,59.733168219454654
2022-10-28,60.27978121422777
2022-10-31,61.8044561263604
2022-11-01,62.6083728216568
2022-11-02,63.5537770775008
2022-11-03,64.38239920967797
2022-11-04,64.84053329898526
2022-11-07,62.5469795220015
2022-11-08,62.67034853218622
2022-11-09,61.9920147585084
2022-11-10,60.423813972244666
2022-11-11,62.474376607237595
2022-11-14,64.65347704179281
2022-11-15,66.43043984242425
2022-11-16,66.78944776508547
2022-11-17,68.61363471873658
2022-11-18,68.65075905977244
2022-11-21,68.94979802737612
2022-11-22,67.4625903639429
2022-11-23,68.01847037612113
2022-11-24,68.12102308690739
2022-11-25,66.36669949533167
2022-11-28,66.31865383848104
2022-11-29,66.23279828771034
2022-11-30,68.63381825040057
2022-12-01,69.8818738972012
2022-12-02,69.91883503399612
2022-12-05,70.28770906195699
2022-12-06,70.37094711005808
2022-12-07,70.10647340835233
2022-12-08,68.60980227977124
2022-12-09,68.42311243132319
2022-12-12,67.42263206705759
2022-12-13,65.75686756570691
2022-12-14,66.44892152909468
2022-12-15,66.98883849925362
2022-12-16,64.6151459323146
2022-12-19,64.4759847609863
2022-12-20,65.77930410409012
2022-12-21,67.192537904024
2022-12-22,68.59126728437343
2022-12-23,68.66522678806814
2022-12-26,67.52532177428057
2022-12-27,66.08203713033758
2022-12-28,66.55730562369688
2022-12-29,67.08214995866814
2022-12-30,68.82941337715876
2023-01-02,70.36428128236906
2023-01-03,70.1993070791188
2023-01-04,68.47351906004656
2023-01-05,68.05705408271233
2023-01-06,68.37315350241057
2023-01-09,68.1173240733158
2023-01-10,67.35046726573809
2023-01-11,67.71131061497046
2023-01-12,67.04915122484549
2023-01-13,66.22704001367497
2023-01-16,66.65944011207479
2023-01-17,66.14350593769599
2023-01-18,66.48626739151344
2023-01-19,66.86949958604657
2023-01-20,65.36569949358592
2023-01-23,64.75617594970316
2023-01-24,66.63770153244121
2023-01-25,65.10892668836989
2023-01-26,62.37219737952372
2023-01-27,60.068361570974545
2023-01-30,60.121353815371414
2023-01-31,60.17656599374828
2023-02-01,60.053070615484984
2023-02-02,61.52940308741457
2023-02-03,58.25870376393455
2023-02-06,58.73751326107517
2023-02-07,60.589434456749224
2023-02-08,59.24097931236647
2023-02-09,58.80874941200723
2023-02-10,57.94085939493836
2023-02-13,56.9218580826329
2023-02-14,56.56750584910416
2023-02-15,58.199461743545555
2023-02-16,60.35561989263134
2023-02-17,59.96821017512816
2023-02-20,62.271061664446556
2023-02-21,62.33405068278815
2023-02-22,64.53904420479972
2023-02-23,64.43797780457646
2023-02-24,64.6262112236354
2023-02-27,65.11798369631973
2023-02-28,69.27752993274943
2023-03-01,70.47781242958182
2023-03-02,69.50202663571038
2023-03-03,70.86982355949827
2023-03-06,70.37822434534105
2023-03-07,69.7099828477368
2023-03-08,70.99766754686131
2023-03-09,71.06310693164687
2023-03-10,71.48035526375703
2023-03-13,71.52179274288363
2023-03-14,72.02470985314302
2023-03-15,72.65847817530535
2023-03-16,69.86553432663264
2023-03-17,70.81790310012931
2023-03-20,69.4482573487396
2023-03-21,67.46578859514032
2023-03-22,67.40721311912388
2023-03-23,67.54065379082714
2023-03-24,66.62411879170077
2023-03-27,67.75144133143746
2023-03-28,65.95308072301907
2023-03-29,65.43608276898547
2023-03-30,64.69027614775787
2023-03-31,64.64940836293775
2023-04-03,65.0293714057666
2023-04-04,63.73802731802185
2023-04-05,64.68043570785076
2023-04-06,64.78134025125341
2023-04-07,62.34951837387111
2023-04-10,59.92587856938445
2023-04-11,59.92909144391242
2023-04-12,59.6822227594709
2023-04-13,59.576680581175324
2023-04-14,59.56121154785813
2023-04-17,59.847772257677825
2023-04-18,61.000020949960685
2023-04-19,59.66277251157417
2023-04-20,58.28220985258229
2023-04-21,57.02526790509352
2023-04-24,57.37188649241589
2023-04-25,58.8175976522983
2023-04-26,58.3278359409952
2023-04-27,55.42695953010234
2023-04-28,53.5546447492516
2023-05-01,52.67845142762795
2023-05-02,52.1066490808622
2023-05-03,51.69668581780692
2023-05-04,51.75208514741711
2023-05-05,51.444940319818976
2023-05-08,52.540038074707475
2023-05-09,51.84544058653668
2023-05-10,50.96684912801879
2023-05-11,51.470274729214616
2023-05-12,49.90491742713664
2023-05-15,50.30883954988548
2023-05-16,50.427118835058735
2023-05-17,50.293544971500445
2023-05-18,51.90623375143332
2023-05-19,51.27587671961176
2023-05-22,53.404131382576324
2023-05-23,53.17937320734426
2023-05-24,51.837108336926704
2023-05-25,51.925148047325806
2023-05-26,50.823041764504495
2023-05-29,50.07415830003112
2023-05-30,50.486802713828325
2023-05-31,51.06294002066279
2023-06-01,50.44286466345146
2023-06-02,51.45414840484192
2023-06-05,52.66075616858289
2023-06-06,54.1892891271712
2023-06-07,54.779316637640086
2023-06-08,56.28950429527523
2023-06-09,54.18900692276396
2023-06-12,53.8607228215524
2023-06-13,52.94293044248557
2023-06-14,53.08505665107057
2023-06-15,52.49427388458052
2023-06-16,52.33557546147829
2023-06-19,54.32137024360909
2023-06-20,54.153278416701745
2023-06-21,54.61768861141664
2023-06-22,54.38035363928437
2023-06-23,54.47901405286187
2023-06-26,54.501913413438295
2023-06-27,55.00695437595892
2023-06-28,56.30545683110779
2023-06-29,58.17749390047473
2023-06-30,58.55520555717957
2023-07-03,59.26319290079493
2023-07-04,57.9168937504543
2023-07-05,57.832477859507
2023-07-06,58.93741299605302
2023-07-07,59.97585324563227
2023-07-10,60.24767548719523
2023-07-11,61.333813302438585
2023-07-12,61.954225320518894
2023-07-13,63.460092475671594
2023-07-14,63.846385680597905
2023-07-17,63.41133855946433
2023-07-18,63.856284833944486
2023-07-19,60.13270433545046
2023-07-20,60.61122324235716
2023-07-21,56.20671132474242
2023-07-24,54.28616913376397
2023-07-25,54.79295071810423
2023-07-26,55.332693432185835
2023-07-27,54.06288693365083
2023-07-28,53.30913995622447
2023-07-31,54.7863799257668
2023-08-01,54.27245066606734
2023-08-02,56.723308041323385
2023-08-03,56.738147025273456
2023-08-04,57.21819280129144
2023-08-07,59.08565088050713
2023-08-08,59.258213024636966
2023-08-09,58.088048225909596
2023-08-10,57.977997570262886
2023-08-11,57.954098186007876
2023-08-14,56.389636981259194
2023-08-15,56.11802831973212
2023-08-16,55.30185658923544
2023-08-17,56.340821148714745
2023-08-18,56.39672462332123
2023-08-21,56.094668560921804
2023-08-22,55.99237215738143
2023-08-23,56.25903249085072
2023-08-24,56.96993760262129
2023-08-25,55.847957718144634
2023-08-28,54.701301264132574
2023-08-29,55.926259465750995
2023-08-30,55.48182816554637
2023-08-31,53.92629292361257
2023-09-01,54.42113429487797
2023-09-04,54.941802844012365
2023-09-05,53.27628026737518
2023-09-06,53.53678179524093
2023-09-07,54.340457860011625
2023-09-08,54.763646621415695
2023-09-11,55.47226792836186
2023-09-12,53.93094977568419
2023-09-13,54.304195260073584
2023-09-14,53.99181606849481
2023-09-15,53.48667926432456
2023-09-18,54.43398784135969
2023-09-19,56.06077425227358
2023-09-20,58.08946797566907
2023-09-21,59.634424610981775
2023-09-22,59.52143624273161
2023-09-25,59.95918088750639
2023-09-26,60.89673006733241
2023-09-27,61.06258590372467
2023-09-28,61.24060066864537
2023-09-29,62.267915580821466
2023-10-02,62.2127678195327
2023-10-03,61.32401247294991
2023-10-04,60.834066647511385
2023-10-05,61.623583790857715
2023-10-06,61.64576001261639
2023-10-09,62.08370379237865
2023-10-10,62.93434892732242
2023-10-11,62.48142116363209
2023-10-12,63.44519479030072
2023-10-13,63.944943204163465
2023-10-16,62.38492563291847
2023-10-17,64.20320265337145
2023-10-18,63.57947528894674
2023-10-19,61.493947262075565
2023-10-20,60.22711819097692
2023-10-23,59.015294175024245
2023-10-24,59.09457923824999
2023-10-25,58.78864600403273
2023-10-26,58.410244691664644
2023-10-27,59.15170663386689
2023-10-30,59.57153629900406
2023-10-31,59.96595690385994
2023-11-01,60.47546180313405
2023-11-02,61.238825013282124
2023-11-03,58.67542494412067
2023-11-06,58.2653561852537
2023-11-07,55.74222147278619
2023-11-08,55.799145347745124
2023-11-09,55.81071477353869
2023-11-10,56.99449605946708
2023-11-13,58.36536688260555
2023-11-14,58.61957729438808
2023-11-15,58.05054407054497
2023-11-16,58.63123656466915
2023-11-17,58.0297766580261
2023-11-20,58.04556928597911
2023-11-21,59.207799834996244
2023-11-22,58.56507389080598
2023-11-23,59.526335993762835
2023-11-24,60.350658324069215
2023-11-27,59.21631722704085
2023-11-28,60.387490595050444
2023-11-29,61.24930021445177
2023-11-30,61.392532790022344
2023-12-01,60.474931191988034
2023-12-04,59.453865174283635
2023-12-05,58.83237896670692
2023-12-06,59.48847114218951
2023-12-07,58.369344079658006
2023-12-08,58.89760094245706
2023-12-11,57.45254179058041
2023-12-12,57.23529237560524
2023-12-13,57.37797738914535
2023-12-14,60.20112322589626
2023-12-15,58.56086457288527
2023-12-18,60.302481745808
2023-12-19,60.50128987901605
2023-12-20,61.016968894019655
2023-12-21,61.17969860368546
2023-12-22,61.74221756722979
2023-12-25,61.57096304949271
2023-12-26,63.379979738300065
2023-12-27,62.82037109477992
2023-12-28,64.26176512592116
2023-12-29,63.45288028477902
2024-01-01,63.395453084931695
2024-01-02,62.05532068700681
2024-01-03,62.63867014094012
2024-01-04,64.46787710454305
2024-01-05,64.38747769379506
2024-01-08,64.1532544664327
2024-01-09,62.74237432948664
2024-01-10,62.47346973178188
2024-01-11,60.50206409322805
2024-01-12,59.41559466322083
2024-01-15,59.702911897437694
2024-01-16,61.29580134573317
2024-01-17,64.75804670390089
2024-01-18,64.0177520312154
2024-01-19,65.87465114719461
2024-01-22,66.21555573479321
2024-01-23,66.03512146185582
2024-01-24,66.62626054156361
2024-01-25,66.72875369519564
2024-01-26,66.89610370497181
2024-01-29,66.36985458395066
2024-01-30,64.53391884406051
2024-01-31,62.5609553488096
2024-02-01,63.397076114910135
2024-02-02,63.06525570430127
2024-02-05,62.33232530342633
2024-02-06,62.36162851085369
2024-02-07,63.37180239635936
2024-02-08,63.6194137002162
2024-02-09,62.803742915841646
2024-02-12,64.36289978923809
2024-02-13,66.41502782471534
2024-02-14,67.09187221354605
2024-02-15,68.41849793285193
2024-02-16,70.1384842317256
2024-02-19,71.74479483867356
2024-02-20,72.64748666657603
2024-02-21,73.53864909506316
2024-02-22,74.32501342082904
2024-02-23,72.71611817709747
2024-02-26,73.75701037022321
2024-02-27,71.77912177076479
2024-02-28,70.65994248632792
2024-02-29,72.52333712344394
2024-03-01,73.76380552692068
2024-03-04,75.980257832208
2024-03-05,75.59021411517833
2024-03-06,73.87091644689133
2024-03-07,73.53785139991523
2024-03-08,73.70997600282757
2024-03-11,73.84853412334674
2024-03-12,75.54510151399248
2024-03-13,75.0219208258289
2024-03-14,75.57263344750788
2024-03-15,74.1010420939326
2024-03-18,74.79065199807978
2024-03-19,74.81773900358225
2024-03-20,73.7181975523798
2024-03-21,73.39261470145637
2024-03-22,73.14428969383991
2024-03-25,72.77102687989789
2024-03-26,75.37090461105252
2024-03-27,75.2451165974501
2024-03-28,74.90065030747017
2024-03-29,71.7811116883019
2024-04-01,70.5189020657096
2024-04-02,70.16902475522274
2024-04-03,69.22756319438783
2024-04-04,71.16137645808068
2024-04-05,70.94798088847554
2024-04-08,72.79751564227203
2024-04-09,72.90919377821437
2024-04-10,72.98535156713993
2024-04-11,72.87763037352588
2024-04-12,72.90502689908742
2024-04-15,75.43307432578449
2024-04-16,71.956196880924
2024-04-17,69.09731134692817
2024-04-18,68.36740765977117
2024-04-19,68.40778255460629
2024-04-22,69.37247515795724
2024-04-23,70.0496714983588
2024-04-24,69.53236040037089
2024-04-25,70.97035037533522
2024-04-26,72.453908054784
2024-04-29,72.7423584108747
2024-04-30,74.16470076169357
2024-05-01,74.59136325945282
2024-05-02,73.77610498013507
2024-05-03,74.82788197904853
2024-05-06,75.01586925727528
2024-05-07,75.04038421343165
2024-05-08,77.27351636840872
2024-05-09,73.50894827248686
2024-05-10,71.44675151034895
2024-05-13,69.77193902023298
2024-05-14,69.28596260692663
2024-05-15,68.95393295311216
2024-05-16,66.89589849989713
2024-05-17,65.59790663473063
2024-05-20,64.48819776561957
2024-05-21,67.67704124182501
2024-05-22,70.13607563629375
2024-05-23,69.57954669294602
2024-05-24,69.09446134646038
2024-05-27,67.52711706160584
2024-05-28,64.97036428107086
2024-05-29,64.83798042459115
2024-05-30,63.563457671594215
2024-05-31,63.474658845341494
2024-06-03,61.462250835987994
2024-06-04,60.54403620549317
2024-06-05,60.742169101137456
2024-06-06,61.20527905816883
2024-06-07,61.73467039656158
2024-06-10,60.12279175369605
2024-06-11,61.16855043457807
2024-06-12,60.20794520926985
2024-06-13,60.98806908579123
2024-06-14,60.99338885962553
2024-06-17,59.33267611722764
2024-06-18,58.97525880016429
2024-06-19,59.42389980269248
2024-06-20,60.17022283967013
2024-06-21,60.01860844238348
2024-06-24,61.87531877402206
2024-06-25,63.14068237211535
2024-06-26,62.83551825596513
2024-06-27,63.7970547678565
2024-06-28,66.28360046197234
2024-07-01,68.90244510191397
2024-07-02,67.23087194797395
2024-07-03,66.00520863052307
2024-07-04,67.98525767946725
2024-07-05,66.56670305800122
2024-07-08,64.82592901088223
2024-07-09,64.21501706554142
2024-07-10,64.77397887706722
2024-07-11,64.66075822850816
2024-07-12,63.838837716550536
2024-07-15,62.99717056925537
2024-07-16,62.11856532943395
2024-07-17,61.04452337251844
2024-07-18,63.848460559617905
2024-07-19,64.2475275756786
2024-07-22,65.40624336996832
2024-07-23,64.78609084484823
2024-07-24,64.56457854847405
2024-07-25,63.662541680463335
2024-07-26,60.30535059504296
2024-07-29,58.661415548950835
2024-07-30,56.554744877875066
2024-07-31,54.026992349489724
2024-08-01,52.751567444008614
2024-08-02,54.16526269186627
2024-08-05,54.1333743367393
2024-08-06,55.54686577406358
2024-08-07,56.020105714487634
2024-08-08,56.91369230908935
2024-08-09,55.905298928923116
2024-08-12,56.50790321296652
2024-08-13,57.34841785211009
2024-08-14,56.70422618009962
2024-08-15,57.355803522599956
2024-08-16,58.02249334041112
2024-08-19,57.40217182241872
2024-08-20,56.1304055446453
2024-08-21,54.817932596581606
2024-08-22,54.92921907568622
2024-08-23,55.304945775861725
2024-08-26,54.444925298005586
2024-08-27,54.490207514045416
2024-08-28,55.12832820617232
2024-08-29,55.8264631168757
2024-08-30,57.57593062156738
2024-09-02,59.063670596747976
2024-09-03,57.89859075081344
2024-09-04,59.86550570683379
2024-09-05,59.247721819272336
2024-09-06,60.50362281039454
2024-09-09,60.60404264081258
2024-09-10,60.12266548347702
2024-09-11,57.96703121120647
2024-09-12,57.7855196142009
2024-09-13,56.00065985948899
2024-09-16,57.100847967222336
2024-09-17,58.85018115987466
2024-09-18,57.929869092454524
2024-09-19,58.29711056486011
2024-09-20,57.468835102803354
2024-09-23,56.76371004691697
2024-09-24,57.66000301599278
2024-09-25,57.63285869101513
2024-09-26,59.65536634407667
2024-09-27,59.097907850379194
2024-09-30,60.29681095249657
2024-10-01,60.43237435868938
2024-10-02,61.412319162822506
2024-10-03,60.88152308321042
2024-10-04,60.83944318988791
2024-10-07,60.71715727273281
2024-10-08,59.72011219329306
2024-10-09,60.52881989747764
2024-10-10,61.33415464239022
2024-10-11,62.080658397704035
2024-10-14,64.00759938982064
2024-10-15,65.88218329794265
2024-10-16,65.4079044572674
2024-10-17,65.91553823663868
2024-10-18,65.1132133965658
2024-10-21,65.163162154227
2024-10-22,64.40107969077644
2024-10-23,66.5070855563503
2024-10-24,67.01080776204813
2024-10-25,66.7387048445781
2024-10-28,68.35193760731407
2024-10-29,65.40512780740005
2024-10-30,62.79009659305467
2024-10-31,63.8083493427073
2024-11-01,63.904659684743805
2024-11-04,64.24392479439857
2024-11-05,62.55894014165329
2024-11-06,62.54863829716866
2024-11-07,65.07373859738115
2024-11-08,66.16593573117349
2024-11-11,66.41036135907441
2024-11-12,65.84712989095848
2024-11-13,65.34725423335597
2024-11-14,62.5841136940524
2024-11-15,62.92537287606288
2024-11-18,64.00829728515836
2024-11-19,62.010445568308356
2024-11-20,61.20875357801182
2024-11-21,59.810176855092436
2024-11-22,58.673363394373226
2024-11-25,58.753724341900416
2024-11-26,56.322022666565864
2024-11-27,57.03085834441679
2024-11-28,57.90782763603228
2024-11-29,57.63438387658303
2024-12-02,54.7921920607389
2024-12-03,53.7167105037807
2024-12-04,55.057374242406766
2024-12-05,52.014910039532715
2024-12-06,51.66898653210703
2024-12-09,50.46509834145665
2024-12-10,51.29229225880098
2024-12-11,50.61511710365188
2024-12-12,51.03922524006346
2024-12-13,51.631750241601715
2024-12-16,53.543390845556516
2024-12-17,53.34212986662684
2024-12-18,53.75931265758729
2024-12-19,52.178729215059064
2024-12-20,53.43666817328434
2024-12-23,52.6399179945916
2024-12-24,52.06534890573589
2024-12-25,52.05780172638346
2024-12-26,50.44621259948197
2024-12-27,50.69215809357659
2024-12-30,51.68822480615102
2024-12-31,52.00655586003793
2025-01-01,50.36949602824916
2025-01-02,50.259882641877674
2025-01-03,51.02084631828285
2025-01-06,49.119821047862175
2025-01-07,48.07871070883552
2025-01-08,48.93599604933449
2025-01-09,49.21502463016573
2025-01-10,49.63529296878071
2025-01-13,51.49611494767754
2025-01-14,51.99413673698202
2025-01-15,52.693861361444796
2025-01-16,55.566462499801204
2025-01-17,55.34552517936271
2025-01-20,54.478944025235975
2025-01-21,54.961405629129615
2025-01-22,55.4604453314942
2025-01-23,54.892846061087866
2025-01-24,53.77588970153918
2025-01-27,56.27630124585027
2025-01-28,56.661054968219936
2025-01-29,55.84821203974947
2025-01-30,56.88802789806825
2025-01-31,56.78091325789847
2025-02-03,56.51077074251775
2025-02-04,57.16321344093044
2025-02-05,55.7033995681731
2025-02-06,56.11296126881167
2025-02-07,58.2766263378971
2025-02-10,58.83745455433741
2025-02-11,58.41239853952068
2025-02-12,57.83749754424514
2025-02-13,57.38018804949535
2025-02-14,57.10595358143149
2025-02-17,56.69158532105681
2025-02-18,57.74753576149991
2025-02-19,55.763088928834
2025-02-20,56.74117356486848
2025-02-21,56.32731873647083
2025-02-24,56.76886609352917
2025-02-25,55.50634023809285
2025-02-26,56.99794110111317
2025-02-27,58.43501304531078
2025-02-28,59.57401724703162
2025-03-03,57.78708890944277
2025-03-04,58.76267489712333
2025-03-05,59.25611105749614
2025-03-06,57.37144526486353
2025-03-07,57.36077717798125
2025-03-10,57.79618504311716
2025-03-11,58.456304487105804
2025-03-12,58.68108226725519
2025-03-13,59.04048208655197
2025-03-14,60.79824877131509
2025-03-17,62.30730253908284
2025-03-18,58.753225521814215
2025-03-19,58.39784070943681
2025-03-20,58.223054772066504
2025-03-21,56.20027106517929
2025-03-24,56.32299341454691
2025-03-25,57.7465658284081
2025-03-26,56.508978549539016
2025-03-27,56.906124711673286
2025-03-28,55.88087724882861
2025-03-31,55.14670084565814
2025-04-01,56.79271255140892
2025-04-02,56.19348375877175
2025-04-03,56.729808403785775
2025-04-04,54.62375044219026
2025-04-07,56.67467296167775
2025-04-08,57.37477796964576
2025-04-09,57.18257264400558
2025-04-10,57.85795201816023
2025-04-11,56.24392410627903
2025-04-14,57.59100066936048
2025-04-15,57.235105821111745
2025-04-16,57.01867754708487
2025-04-17,56.47511209087038
2025-04-18,55.836207563382075
2025-04-21,56.62871387483241
2025-04-22,56.935536004858086
2025-04-23,57.69476926107859
2025-04-24,57.701929540245054
2025-04-25,58.311492505883976
2025-04-28,57.84051204578606
2025-04-29,60.43724082803824
2025-04-30,58.56014423669833
2025-05-01,60.054525710795026
2025-05-02,61.71552273189448
2025-05-05,60.68220886549898
2025-05-06,63.40595846524067
2025-05-07,64.68738056343987
2025-05-08,65.96319554789602
2025-05-09,66.01995316660974
2025-05-12,65.75293393671653
2025-05-13,65.49727492149553
2025-05-14,66.02849790061988
2025-05-15,67.89867095037911
2025-05-16,68.16526044000818
2025-05-19,66.94313417918943
2025-05-20,68.06701174860703
2025-05-21,69.34143142567346
2025-05-22,70.27013443108167
2025-05-23,71.33894163900571
2025-05-26,70.97378880018356
2025-05-27,69.67640331791193
2025-05-28,68.48745432628152
2025-05-29,66.26782627195801
2025-05-30,66.60174800834578
2025-06-02,66.51057183610706
2025-06-03,65.94524833107536
2025-06-04,62.06685155870595
2025-06-05,60.53713024941179
2025-06-06,61.91234091854319
2025-06-09,61.107943590834026
2025-06-10,61.566976291862844
2025-06-11,59.873040446815885
2025-06-12,61.61379578967693
2025-06-13,61.45479811172036
2025-06-16,61.829722031356646
2025-06-17,64.72431730872988
2025-06-18,66.70674560892711
2025-06-19,66.31775773437701
2025-06-20,65.55083241162983
2025-06-23,65.14370273150215
2025-06-24,65.82757904076297
2025-06-25,65.7087943141873
2025-06-26,65.20908662792316
2025-06-27,67.14212033943856
2025-06-30,67.00889708958636
2025-07-01,70.11085833638671
2025-07-02,70.2591323745338
2025-07-03,72.78890854205667
2025-07-04,73.33092303021898
2025-07-07,74.76521806068986
2025-07-08,73.7041335605899
2025-07-09,72.46773312525472
2025-07-10,73.15575041447462
2025-07-11,74.6240642251432
2025-07-14,74.70653352022599
2025-07-15,72.80690574412955
2025-07-16,70.84802376261098
2025-07-17,68.8470822950482
2025-07-18,66.43382391821501
2025-07-21,66.59922468721308
2025-07-22,68.11774551311557
2025-07-23,68.11990377357745
2025-07-24,65.06075502954494
2025-07-25,64.83205286447081
2025-07-28,64.64041061721079
2025-07-29,67.36952713775062
2025-07-30,65.42640415253436
2025-07-31,64.93481945936014
2025-08-01,67.16968462190648
2025-08-04,67.79433359279177
2025-08-05,68.57846058133268
2025-08-06,68.75619460546059
2025-08-07,69.23053470689689
2025-08-08,70.3279903387962
2025-08-11,69.21049781560828
2025-08-12,70.446678392103
2025-08-13,68.53334235638218
2025-08-14,69.0039854531078
2025-08-15,69.27136342535341
2025-08-18,68.43831558460724
2025-08-19,68.42779623864543
2025-08-20,67.59634356317754
2025-08-21,66.1677606444933
2025-08-22,65.71965306101752
2025-08-25,64.28829395493719
2025-08-26,64.72262240831438
2025-08-27,63.253308211530815
2025-08-28,64.17298224548989
2025-08-29,62.675853435171256
2025-09-01,61.984795848601046
2025-09-02,61.22907299246446
2025-09-03,62.87019183012226
2025-09-04,63.3043607324808
2025-09-05,63.05527858038994
2025-09-08,63.703133029766214
2025-09-09,61.03754888125018
2025-09-10,61.00320477419194
2025-09-11,63.4586010641837
2025-09-12,63.645609127543864
2025-09-15,63.751150310673424
2025-09-16,64.46915195016894
2025-09-17,65.64327090612599
2025-09-18,63.04055894245118
2025-09-19,60.93837507541804
2025-09-22,61.2129527793667
2025-09-23,60.35612256067034
2025-09-24,61.95800454802336
2025-09-25,61.58604042374919
2025-09-26,59.22171447406404
2025-09-29,57.73760182575677
2025-09-30,54.57972912287925
2025-10-01,54.34053287350312
2025-10-02,54.152097156156046
2025-10-03,53.70863186731739
2025-10-06,54.88364679960986
2025-10-07,56.21569468144392
2025-10-08,56.04098931815555
2025-10-09,53.665194714618906
2025-10-10,54.34382499725058
2025-10-13,54.96373612611981
2025-10-14,55.320331579392686
2025-10-15,56.422843382270194
2025-10-16,55.12531197020709
2025-10-17,57.356514910503954
2025-10-20,56.273133220404446
2025-10-21,57.13323759225367
2025-10-22,55.22230482901816
2025-10-23,54.2114443178249
2025-10-24,55.871798440265174
2025-10-27,55.597021133321164
2025-10-28,56.54764413621961
2025-10-29,56.832593809409595
2025-10-30,56.73034270261357
2025-10-31,58.2947957319944
2025-11-03,58.03636461388887
2025-11-04,55.98682420142504
2025-11-05,55.10420301229273
2025-11-06,55.72819389153791
2025-11-07,56.18573251301016
2025-11-10,54.44166191916337
2025-11-11,53.669306206633195
2025-11-12,53.060995374149755
2025-11-13,52.68907006390825
2025-11-14,51.2549646354932
2025-11-17,50.62619834639126
2025-11-18,49.903650627015
2025-11-19,50.68866824704872
2025-11-20,51.52414048161087
2025-11-21,51.389342553230236
2025-11-24,51.00182600870621
2025-11-25,51.15985446484896
2025-11-26,50.33968514804751
2025-11-27,49.20016373491215
2025-11-28,48.28974303550898
2025-12-01,47.691130667144826
2025-12-02,46.59569038607111
2025-12-03,46.76069463395087
2025-12-04,47.457163078169216
2025-12-05,45.96501656945132
2025-12-08,46.00190690697044
2025-12-09,45.81335815945548
2025-12-10,46.140015361404565
2025-12-11,46.14191746683184
2025-12-12,44.81432288198287
2025-12-15,43.69630474601256
2025-12-16,43.735127667945925
2025-12-17,44.64812550359464
2025-12-18,42.68433362862967
2025-12-19,42.99228110224898
2025-12-22,44.02807005971461
2025-12-23,43.90652980076139
2025-12-24,44.40285140546638
2025-12-25,43.79180682235037
2025-12-26,43.700399133600044
2025-12-29,42.29681789911785
2025-12-30,40.32634170430341
2025-12-31,41.098805523761534
2026-01-01,40.30149286588989
2026-01-02,39.94641426983726
2026-01-05,38.85073026191145
2026-01-06,37.76681842875045
2026-01-07,37.646842537168176
2026-01-08,37.10881103500265
2026-01-09,37.40046476513909
2026-01-12,37.750187848447
2026-01-13,38.00375559319876
2026-01-14,38.19651124273249
2026-01-15,39.41327501566744
2026-01-16,38.58355166168456
2026-01-19,38.552735082219705
2026-01-20,39.437666714360745
2026-01-21,40.44690800532935
2026-01-22,39.308923207123726
2026-01-23,39.075148762698305
2026-01-26,40.14824698450255
2026-01-27,40.56826116666185
2026-01-28,40.73886127815716
2026-01-29,40.57371840597635
2026-01-30,40.274445907825765
2026-02-02,40.518685502918814
2026-02-03,40.32632375258328
2026-02-04,40.30408086456552
2026-02-05,40.3795290609671
2026-02-06,39.844038739881036
2026-02-09,40.28003561925422
2026-02-10,42.63983719476788
2026-02-11,41.13722072596347
2026-02-12,41.41614138669286
2026-02-13,40.7988834252888
2026-02-16,41.28227069930977
2026-02-17,41.333095344859494
2026-02-18,41.97529159375162
2026-02-19,42.974728807616316
2026-02-20,43.153006133317525
2026-02-23,44.14298122206098
2026-02-24,42.08653815833898
2026-02-25,43.43789674629169
2026-02-26,43.77676633586242
2026-02-27,44.733589300385546
2026-03-02,43.65562096583081
2026-03-03,42.94336215089674
2026-03-04,43.08158677988487
2026-03-05,43.07983086975808
2026-03-06,43.33664575693924
2026-03-09,44.28963173761136
2026-03-10,42.73929947312237
2026-03-11,43.58452816173959
2026-03-12,43.604822782944
2026-03-13,43.44018679096459
2026-03-16,42.175108435547614
2026-03-17,42.61208361082133
2026-03-18,40.56746392403108
2026-03-19,41.10570817639798
2026-03-20,39.891358548025835
2026-03-23,39.94597613077929
2026-03-24,39.86275361298985
2026-03-25,40.80713265920512
2026-03-26,40.67356669535883
2026-03-27,40.121106944115866
2026-03-30,39.72663405733434
2026-03-31,40.749899006595605
2026-04-01,41.199204922930875
2026-04-02,40.89381171174378
2026-04-03,40.7126959476984
2026-04-06,39.44882966877863
2026-04-07,39.7671613692814
2026-04-08,38.37943401312975
2026-04-09,38.96801830037041
